dataset,split,feature,num_images,spearman_corr_with_grade,pearson_corr_with_grade,mean_grade_0,mean_grade_4,grade_4_minus_grade_0
ALL,ALL,total_lesion_union_area_ratio,4178,0.766068308126518,0.5691484882947105,0.0014202989905966548,0.021471093014842617,0.020050794024245963
ALL,ALL,total_lesion_sum_area_ratio,4178,0.7701941281298701,0.580934333659061,0.0015594281343052742,0.023290650183413173,0.0217312220491079
ALL,ALL,microaneurysms_area_ratio,4178,0.7064504876482401,0.5808748426993517,0.00018084139855330147,0.001857340836725278,0.0016764994381719765
ALL,ALL,haemorrhages_area_ratio,4178,0.6800170368141578,0.4290874245172859,0.0006276095390802947,0.011792874803730051,0.011165265264649756
ALL,ALL,hard_exudates_area_ratio,4178,0.7198245051419822,0.395965411838372,0.00026737682963165824,0.006926101128928101,0.006658724299296443
ALL,ALL,soft_exudates_area_ratio,4178,0.35456177250993987,0.34193801478265207,0.000483600367039983,0.002714333414029645,0.002230733046989662
ALL,ALL,microaneurysms_prob_mean,4178,0.17492768127399808,0.0888698052909321,0.014482327058601651,0.015094725023798562,0.0006123979651969109
ALL,ALL,haemorrhages_prob_mean,4178,0.581003720972414,0.415602423158232,0.0039011524585195628,0.014229312330400883,0.01032815987188132
ALL,ALL,hard_exudates_prob_mean,4178,0.6602961374808668,0.4091295571924502,0.006145479228372049,0.013675347763617141,0.007529868535245092
ALL,ALL,soft_exudates_prob_mean,4178,0.26390965776931824,0.2774449362734654,0.02363606533663441,0.0268203350676208,0.0031842697309863895
ALL,ALL,microaneurysms_component_count,4178,0.6662337888441103,0.5850675964147254,7.192093258996452,49.05322128851541,41.86112802951896
ALL,ALL,haemorrhages_component_count,4178,0.6731719739645161,0.6023338423485094,3.382159148504815,21.991596638655462,18.609437490150647
ALL,ALL,hard_exudates_component_count,4178,0.6974199904161145,0.5026046040380343,3.98023314749113,38.76750700280112,34.78727385530999
ALL,ALL,soft_exudates_component_count,4178,0.25429574587795906,0.2869920681736336,2.739483020780537,7.7703081232493,5.0308251024687625
ALL,ALL,lesion_presence_count,4178,0.34054735177468837,0.3249990995518451,3.351748606183477,3.8823529411764706,0.5306043349929936
APTOS2019,ALL,total_lesion_union_area_ratio,3662,0.782423241191679,0.5866439010817316,0.0014182917629252166,0.020537799899860928,0.01911950813693571
APTOS2019,ALL,total_lesion_sum_area_ratio,3662,0.7854975379024852,0.5978919806519192,0.0015593193244405371,0.0222063484838453,0.020647029159404764
APTOS2019,ALL,microaneurysms_area_ratio,3662,0.7023775020439305,0.5866354110977041,0.0001857176381795155,0.0017039541470802067,0.0015182365089006912
APTOS2019,ALL,haemorrhages_area_ratio,3662,0.6735394211139091,0.4404080959120627,0.0006080416100837271,0.010647893356064583,0.010039851745980856
APTOS2019,ALL,hard_exudates_area_ratio,3662,0.746678742999076,0.41367457633295407,0.00025682951274670044,0.006943899898205741,0.00668707038545904
APTOS2019,ALL,soft_exudates_area_ratio,3662,0.37183791580002173,0.3560071125615286,0.0005087305634305557,0.0029106010824946735,0.0024018705190641176
APTOS2019,ALL,microaneurysms_prob_mean,3662,0.13117030382647357,0.031030749710868374,0.014486808459844598,0.014865422652939598,0.0003786141930949994
APTOS2019,ALL,haemorrhages_prob_mean,3662,0.5627053117095502,0.42529395231568984,0.003902912932419669,0.013136660042455612,0.009233747110035943
APTOS2019,ALL,hard_exudates_prob_mean,3662,0.6743870909465074,0.4257606721185767,0.00613441572955437,0.013682969950013217,0.007548554220458847
APTOS2019,ALL,soft_exudates_prob_mean,3662,0.23482366186883377,0.281889591637275,0.023755423844355954,0.027122937218617586,0.003367513374261631
APTOS2019,ALL,microaneurysms_component_count,3662,0.6689477906205774,0.5948647390304241,7.4659279778393355,45.498305084745766,38.03237710690643
APTOS2019,ALL,haemorrhages_component_count,3662,0.6705474309217234,0.6003133137905287,3.504709141274238,20.688135593220338,17.1834264519461
APTOS2019,ALL,hard_exudates_component_count,3662,0.7284717614264193,0.5249975581330383,3.846537396121884,39.715254237288136,35.868716841166254
APTOS2019,ALL,soft_exudates_component_count,3662,0.28108533456675766,0.31399153219746295,2.9074792243767313,8.457627118644067,5.550147894267337
APTOS2019,ALL,lesion_presence_count,3662,0.34943398391315633,0.3275281521342999,3.4310249307479226,3.9016949152542373,0.4706699845063147
IDRiD,ALL,total_lesion_union_area_ratio,516,0.7513111416254529,0.4887080026773291,0.001441864740280856,0.025911761868384536,0.02446989712810368
IDRiD,ALL,total_lesion_sum_area_ratio,516,0.7571212486681768,0.503358860264874,0.001560597192673432,0.028449827624905458,0.026889230432232025
IDRiD,ALL,microaneurysms_area_ratio,516,0.7861757635094478,0.5641234188248192,0.00012845084780737113,0.002587164601971987,0.0024587137541646157
IDRiD,ALL,haemorrhages_area_ratio,516,0.7730127922034516,0.39335552655983297,0.0008378483000255612,0.01724077040149316,0.0164029221014676
IDRiD,ALL,hard_exudates_area_ratio,516,0.5905971384553538,0.30668518141303397,0.00038069770449682995,0.006841413436397404,0.006460715731900574
IDRiD,ALL,soft_exudates_area_ratio,516,0.5002886951127176,0.31509536744000227,0.00021360034034365133,0.001780479185042815,0.0015668788446991638
IDRiD,ALL,microaneurysms_prob_mean,516,0.6040446162696961,0.4552108303114109,0.014434178670247374,0.01618576049804686,0.0017515818277994873
IDRiD,ALL,haemorrhages_prob_mean,516,0.753538801684656,0.3895597767753398,0.0038822378431047303,0.019428222410140483,0.015545984567035752
IDRiD,ALL,hard_exudates_prob_mean,516,0.6175734346477715,0.32430397162555913,0.006264345986502475,0.013639080908990645,0.007374734922488169
IDRiD,ALL,soft_exudates_prob_mean,516,0.6000958819822301,0.3990576324268454,0.02235367184593564,0.025380534510458668,0.0030268626645230286
IDRiD,ALL,microaneurysms_component_count,516,0.7824097987412626,0.5646635341938185,4.25,65.96774193548387,61.71774193548387
IDRiD,ALL,haemorrhages_component_count,516,0.7800483335505165,0.6296411476764221,2.0654761904761907,28.193548387096776,26.128072196620586
IDRiD,ALL,hard_exudates_component_count,516,0.5684652574153943,0.40108379819018036,5.416666666666667,34.25806451612903,28.841397849462364
IDRiD,ALL,soft_exudates_component_count,516,0.4949365886066797,0.3190933407148296,0.9345238095238095,4.5,3.5654761904761907
IDRiD,ALL,lesion_presence_count,516,0.5877980280512901,0.58489909840956,2.5,3.7903225806451615,1.2903225806451615
APTOS2019,test,total_lesion_union_area_ratio,366,0.755535671004671,0.5248706248332323,0.0016052782835073458,0.021807583895596557,0.020202305612089213
APTOS2019,test,total_lesion_sum_area_ratio,366,0.7577595568011625,0.5374165090068952,0.001763904514025169,0.023266994591915204,0.021503090077890034
APTOS2019,test,microaneurysms_area_ratio,366,0.6787855015049873,0.5737115921866333,0.00020957831761343995,0.0014828768643465546,0.0012732985467331147
APTOS2019,test,haemorrhages_area_ratio,366,0.6292754284916351,0.3030514783429394,0.0009338723954243633,0.01221408266009703,0.011280210264672666
APTOS2019,test,hard_exudates_area_ratio,366,0.753004211294075,0.4348873668475124,0.00010976360071842902,0.006901480934836609,0.00679171733411818
APTOS2019,test,soft_exudates_area_ratio,366,0.36641342439943037,0.36066306621944105,0.000510690200268905,0.0026685541326349157,0.0021578639323660107
APTOS2019,test,microaneurysms_prob_mean,366,0.11858809299987412,0.05536766180597355,0.014455785703419424,0.014933961810487669,0.0004781761070682452
APTOS2019,test,haemorrhages_prob_mean,366,0.5132750472274683,0.29390955386394074,0.00419000405163018,0.014566999493223216,0.010376995441593036
APTOS2019,test,hard_exudates_prob_mean,366,0.7164258480811881,0.45371629524838253,0.005951962878356589,0.013619856400923266,0.007667893522566678
APTOS2019,test,soft_exudates_prob_mean,366,0.26504719058707177,0.30093116079800514,0.02360695690365892,0.02667883670691288,0.0030718798032539595
APTOS2019,test,microaneurysms_component_count,366,0.6403200477284885,0.5821398066150159,8.160804020100503,41.60606060606061,33.44525658596011
APTOS2019,test,haemorrhages_component_count,366,0.648041620780784,0.5954136842707162,3.613065326633166,18.727272727272727,15.114207400639561
APTOS2019,test,hard_exudates_component_count,366,0.7272269228054595,0.5827368128793061,2.608040201005025,37.121212121212125,34.5131719202071
APTOS2019,test,soft_exudates_component_count,366,0.2760204861690839,0.3217027173936423,3.0452261306532664,8.121212121212121,5.075985990558855
APTOS2019,test,lesion_presence_count,366,0.39722675331256385,0.35757258451778234,3.35678391959799,3.878787878787879,0.5220039591898891
APTOS2019,train,total_lesion_union_area_ratio,2930,0.7862559629796798,0.5979779505253748,0.001364602869690843,0.02047067625909785,0.019106073389407008
APTOS2019,train,total_lesion_sum_area_ratio,2930,0.7895393980092873,0.6086991128052812,0.0015020756209411683,0.022200152405306785,0.020698076784365617
APTOS2019,train,microaneurysms_area_ratio,2930,0.7077749527897579,0.5949828206161508,0.00018120876083478325,0.0017768827259030747,0.0015956739650682915
APTOS2019,train,haemorrhages_area_ratio,2930,0.6806991491340258,0.4762310265016543,0.0005426127541513872,0.010683255317883578,0.010140642563732191
APTOS2019,train,hard_exudates_area_ratio,2930,0.7430266894407308,0.4148489341305551,0.0002707610402978343,0.006887093568459502,0.006616332528161668
APTOS2019,train,soft_exudates_area_ratio,2930,0.3704413610881665,0.3517397342472945,0.000507493065657124,0.002852920793060533,0.002345427727403409
APTOS2019,train,microaneurysms_prob_mean,2930,0.14127368238839508,0.034553872297614294,0.014477595458303351,0.01487089629866117,0.000393300840357819
APTOS2019,train,haemorrhages_prob_mean,2930,0.5728829826429532,0.46021558943860696,0.0038384353765383503,0.013179029154981276,0.009340593778442926
APTOS2019,train,hard_exudates_prob_mean,2930,0.6656878004663609,0.42571585803229484,0.0061516515713189905,0.013615241417518006,0.007463589846199016
APTOS2019,train,soft_exudates_prob_mean,2930,0.22791524103738847,0.2755219885185142,0.023758785827721843,0.027011577899639424,0.0032527920719175804
APTOS2019,train,microaneurysms_component_count,2930,0.6728233689248793,0.6007071149231437,7.375174337517434,47.11965811965812,39.744483782140684
APTOS2019,train,haemorrhages_component_count,2930,0.6756801786450337,0.6089709631090322,3.493723849372385,21.49145299145299,17.99772914208061
APTOS2019,train,hard_exudates_component_count,2930,0.7249080908236726,0.5162477125229415,4.083682008368201,39.85470085470085,35.77101884633265
APTOS2019,train,soft_exudates_component_count,2930,0.2770762851911945,0.307272715562412,2.905857740585774,8.324786324786325,5.418928584200551
APTOS2019,train,lesion_presence_count,2930,0.33545492188182674,0.31724108542527246,3.4511854951185494,3.8974358974358974,0.4462504023173479
APTOS2019,valid,total_lesion_union_area_ratio,366,0.7744561187223632,0.5684721825591919,0.0016495682472406137,0.0196022306169782,0.017952662369737585
APTOS2019,valid,total_lesion_sum_area_ratio,366,0.7768297936178912,0.5802388251838754,0.0017998717552007279,0.02100808279854908,0.019208211043348352
APTOS2019,valid,microaneurysms_area_ratio,366,0.6833533247928675,0.5328716220390781,0.00019570284111553344,0.0013550349644251892,0.0011593321233096558
APTOS2019,valid,haemorrhages_area_ratio,366,0.6591272520062098,0.432954577646264,0.0007765570352243582,0.00850650242396759,0.007729945388743231
APTOS2019,valid,hard_exudates_area_ratio,366,0.7631752690321237,0.39822256122981003,0.0003108312917310031,0.007468632289341486,0.007157800997610483
APTOS2019,valid,soft_exudates_area_ratio,366,0.383875941443546,0.3853939561933916,0.0005167805871297971,0.003677913120814701,0.0031611325336849037
APTOS2019,valid,microaneurysms_prob_mean,366,0.06910619324727808,-0.02341364332393062,0.014599511789721097,0.014738900320870513,0.00013938853114941682
APTOS2019,valid,haemorrhages_prob_mean,366,0.5297988677815898,0.40869566419863873,0.00410831806271571,0.011096818106515036,0.006988500043799326
APTOS2019,valid,hard_exudates_prob_mean,366,0.7011724228709361,0.41259564467531273,0.006201810615007231,0.014323370797293511,0.00812156018228628
APTOS2019,valid,soft_exudates_prob_mean,366,0.26049590628327723,0.31393894649277093,0.023899167083030522,0.02857698713030134,0.004677820047270818
APTOS2019,valid,microaneurysms_component_count,366,0.6651376143236313,0.5631278071965001,7.4186046511627906,36.535714285714285,29.117109634551493
APTOS2019,valid,haemorrhages_component_count,366,0.6522113482328101,0.5344648309176392,3.4709302325581395,16.285714285714285,12.814784053156146
APTOS2019,valid,hard_exudates_component_count,366,0.7542098922486865,0.5614171652075075,3.302325581395349,41.607142857142854,38.3048172757475
APTOS2019,valid,soft_exudates_component_count,366,0.31993678124777836,0.3804260900437837,2.761627906976744,9.964285714285714,7.202657807308969
APTOS2019,valid,lesion_presence_count,366,0.4051352042013013,0.37398632288752004,3.3488372093023258,3.9642857142857144,0.6154485049833887
IDRiD,test,total_lesion_union_area_ratio,103,0.6710847318386396,0.4992610540823543,0.0005874633789062286,0.02385154137244588,0.02326407799353965
IDRiD,test,total_lesion_sum_area_ratio,103,0.6700112319174782,0.509002487665023,0.0006690305822035639,0.025878025935246355,0.02520899535304279
IDRiD,test,microaneurysms_area_ratio,103,0.6935316355660242,0.5045434863811918,0.00010153826545264485,0.002114516038161006,0.0020129777727083613
IDRiD,test,haemorrhages_area_ratio,103,0.7042900814714192,0.4396047600246524,0.00040705063763784335,0.020026867206280004,0.01961981656864216
IDRiD,test,hard_exudates_area_ratio,103,0.559622562532273,0.2283691729435553,6.0249777401188974e-05,0.0027049137995793023,0.002644664022178113
IDRiD,test,soft_exudates_area_ratio,103,0.5025937462509987,0.26664998407768825,0.00010019190171185295,0.0010317288912259385,0.0009315369895140855
IDRiD,test,microaneurysms_prob_mean,103,0.611932683874881,0.4877970933975436,0.014329349293428283,0.016216571514423062,0.001887222220994779
IDRiD,test,haemorrhages_prob_mean,103,0.6899165526104628,0.4383938468625559,0.003424363977768806,0.0220665564903846,0.018642192512615792
IDRiD,test,hard_exudates_prob_mean,103,0.6214915330584379,0.25054880144727765,0.00577758340274582,0.008929619422325692,0.003152036019579871
IDRiD,test,soft_exudates_prob_mean,103,0.6039729876528467,0.3819593952846766,0.021979388068704045,0.023844792292668268,0.0018654042239642232
IDRiD,test,microaneurysms_component_count,103,0.7151461359831758,0.5049482131870142,3.1470588235294117,58.46153846153846,55.31447963800905
IDRiD,test,haemorrhages_component_count,103,0.7323912066062371,0.5741605509150524,1.6176470588235294,23.53846153846154,21.92081447963801
IDRiD,test,hard_exudates_component_count,103,0.5745726942608853,0.38448387017802277,0.8823529411764706,14.23076923076923,13.348416289592759
IDRiD,test,soft_exudates_component_count,103,0.5347178067787345,0.42733760705877943,0.3235294117647059,2.4615384615384617,2.1380090497737556
IDRiD,test,lesion_presence_count,103,0.6004495032316576,0.586529439214702,2.4411764705882355,3.769230769230769,1.3280542986425337
IDRiD,train,total_lesion_union_area_ratio,413,0.7696252370352419,0.48712956159264503,0.0016586531454057616,0.026458350979551935,0.02479969783414617
IDRiD,train,total_lesion_sum_area_ratio,413,0.7761295743764056,0.502881112264676,0.0017868155863747417,0.02913214235889665,0.027345326772521907
IDRiD,train,microaneurysms_area_ratio,413,0.8074314277439221,0.5790524239461008,0.00013527941347946587,0.0027125611597177573,0.0025772817462382915
IDRiD,train,haemorrhages_area_ratio,413,0.7910814965421108,0.38150247864935943,0.0009471551695866241,0.01650160186144767,0.015554446691861047
IDRiD,train,hard_exudates_area_ratio,413,0.603169384649993,0.324729568930356,0.00046200538749124626,0.007938852115553225,0.007476846728061978
IDRiD,train,soft_exudates_area_ratio,413,0.49940585227974116,0.3269017725358656,0.00024237561581739122,0.0019791272221779043,0.0017367516063605132
IDRiD,train,microaneurysms_prob_mean,413,0.6027113771373386,0.4470743242136082,0.014460777168843263,0.01617758614676338,0.0017168089779201166
IDRiD,train,haemorrhages_prob_mean,413,0.768571623451844,0.37710127524149667,0.00399841479401086,0.01872825622558592,0.014729841431575061
IDRiD,train,hard_exudates_prob_mean,413,0.6232394170562651,0.341422271423866,0.006387852910739239,0.01488852987484053,0.00850067696410129
IDRiD,train,soft_exudates_prob_mean,413,0.6000543989463113,0.40425806001426845,0.022448639371501867,0.025787976323341837,0.0033393369518399697
IDRiD,train,microaneurysms_component_count,413,0.7993257058533791,0.5808521609337457,4.529850746268656,67.95918367346938,63.429332927200726
IDRiD,train,haemorrhages_component_count,413,0.792184566639526,0.6441257058574461,2.1791044776119404,29.428571428571427,27.249466950959487
IDRiD,train,hard_exudates_component_count,413,0.5739393693400336,0.41059476692724567,6.567164179104478,39.57142857142857,33.00426439232409
IDRiD,train,soft_exudates_component_count,413,0.4848855180651766,0.30794853509047887,1.0895522388059702,5.040816326530612,3.951264087724642
IDRiD,train,lesion_presence_count,413,0.5844293478485361,0.5848083314295469,2.514925373134328,3.795918367346939,1.2809929942126108
