dataset,split,label,label_name,num_images,total_lesion_union_area_ratio_mean,total_lesion_union_area_ratio_std,total_lesion_union_area_ratio_median,total_lesion_union_area_ratio_min,total_lesion_union_area_ratio_max,total_lesion_sum_area_ratio_mean,total_lesion_sum_area_ratio_std,total_lesion_sum_area_ratio_median,total_lesion_sum_area_ratio_min,total_lesion_sum_area_ratio_max,microaneurysms_area_ratio_mean,microaneurysms_area_ratio_std,microaneurysms_area_ratio_median,microaneurysms_area_ratio_min,microaneurysms_area_ratio_max,haemorrhages_area_ratio_mean,haemorrhages_area_ratio_std,haemorrhages_area_ratio_median,haemorrhages_area_ratio_min,haemorrhages_area_ratio_max,hard_exudates_area_ratio_mean,hard_exudates_area_ratio_std,hard_exudates_area_ratio_median,hard_exudates_area_ratio_min,hard_exudates_area_ratio_max,soft_exudates_area_ratio_mean,soft_exudates_area_ratio_std,soft_exudates_area_ratio_median,soft_exudates_area_ratio_min,soft_exudates_area_ratio_max,microaneurysms_prob_mean_mean,microaneurysms_prob_mean_std,microaneurysms_prob_mean_median,microaneurysms_prob_mean_min,microaneurysms_prob_mean_max,haemorrhages_prob_mean_mean,haemorrhages_prob_mean_std,haemorrhages_prob_mean_median,haemorrhages_prob_mean_min,haemorrhages_prob_mean_max,hard_exudates_prob_mean_mean,hard_exudates_prob_mean_std,hard_exudates_prob_mean_median,hard_exudates_prob_mean_min,hard_exudates_prob_mean_max,soft_exudates_prob_mean_mean,soft_exudates_prob_mean_std,soft_exudates_prob_mean_median,soft_exudates_prob_mean_min,soft_exudates_prob_mean_max,microaneurysms_component_count_mean,microaneurysms_component_count_std,microaneurysms_component_count_median,microaneurysms_component_count_min,microaneurysms_component_count_max,haemorrhages_component_count_mean,haemorrhages_component_count_std,haemorrhages_component_count_median,haemorrhages_component_count_min,haemorrhages_component_count_max,hard_exudates_component_count_mean,hard_exudates_component_count_std,hard_exudates_component_count_median,hard_exudates_component_count_min,hard_exudates_component_count_max,soft_exudates_component_count_mean,soft_exudates_component_count_std,soft_exudates_component_count_median,soft_exudates_component_count_min,soft_exudates_component_count_max,lesion_presence_count_mean,lesion_presence_count_std,lesion_presence_count_median,lesion_presence_count_min,lesion_presence_count_max
APTOS2019,test,0,No DR,199,0.0016052782835073458,0.0036653222225878227,0.0006179809570312,1.1444091796875e-05,0.0431594848632812,0.001763904514025169,0.003791394232797691,0.0007514953613281,1.1444091796875e-05,0.0438156127929687,0.00020957831761343995,0.0002618512412809375,0.0001220703125,1.1444091796875e-05,0.0020256042480468,0.0009338723954243633,0.00339770315625983,0.000213623046875,0.0,0.0426445007324218,0.00010976360071842902,0.0002890328010652594,1.52587890625e-05,0.0,0.0020713806152343,0.000510690200268905,0.0009905024543043752,9.1552734375e-05,0.0,0.0067596435546875,0.014455785703419424,0.001759804527616173,0.0134353637695312,0.0122299194335937,0.018280029296875,0.00419000405163018,0.0031692917963873583,0.0034637451171875,0.002716064453125,0.041717529296875,0.005951962878356589,0.0006080140369532416,0.0057144165039062,0.0049552917480468,0.009521484375,0.02360695690365892,0.0027615237694389016,0.02227783203125,0.0196685791015625,0.030853271484375,8.160804020100503,7.71684968411699,6.0,1,48,3.613065326633166,3.43129244294977,3.0,0,19,2.608040201005025,4.472941734021524,1.0,0,33,3.0452261306532664,3.9303230422299182,2.0,0,42,3.35678391959799,0.7023350006040198,3.0,1,4
APTOS2019,test,1,Mild,30,0.004168828328450483,0.0030607471078330614,0.00337409973144525,7.2479248046875e-05,0.0110855102539062,0.004645792643229148,0.003288048182515491,0.00395011901855465,9.918212890625e-05,0.0112953186035156,0.00051294962565101,0.0003871802489272888,0.00037956237792965,1.9073486328125e-05,0.00146484375,0.0016569773356119564,0.0016670690549269917,0.0011463165283203,1.52587890625e-05,0.0064582824707031,0.0017452239990234017,0.0021463768045646182,0.0010585784912109,1.1444091796875e-05,0.0101776123046875,0.0007306416829426884,0.0010273651968615899,0.00020599365234370002,0.0,0.003753662109375,0.013427225748697884,0.000598086856116864,0.0132637023925781,0.0125808715820312,0.0152359008789062,0.00444749196370439,0.0015886645315885308,0.0039558410644531,0.0027656555175781,0.0089111328125,0.007573191324869757,0.002402511449704718,0.006814956665039,0.0053596496582031,0.0167388916015625,0.022528584798177084,0.0024818092289378636,0.02179718017578125,0.02001953125,0.029998779296875,15.066666666666666,11.404576617134543,12.0,2,47,7.566666666666666,5.360669884370366,6.0,1,22,15.666666666666666,14.05244691745235,12.5,1,55,2.7666666666666666,3.420862296347912,1.5,0,15,3.7333333333333334,0.4497764451088036,4.0,3,4
APTOS2019,test,2,Moderate,87,0.01285877447018674,0.011059658851752347,0.0095176696777343,4.1961669921875e-05,0.0661811828613281,0.01389325898269123,0.011635283083415014,0.010467529296875,4.1961669921875e-05,0.0693206787109375,0.0010740784392959434,0.0008626871832950928,0.0009040832519531,1.1444091796875e-05,0.0053291320800781,0.0036054589282506822,0.004026608826375568,0.0027427673339843,0.0,0.0274009704589843,0.007293043465449854,0.009021865136771525,0.0036582946777343,0.0,0.0517539978027343,0.0019206781496946593,0.0024334248857175913,0.0006980895996093,0.0,0.0113105773925781,0.014087019295527994,0.0011305285421097052,0.0138931274414062,0.0106658935546875,0.01812744140625,0.006423270565339854,0.0038695955646845326,0.0054969787597656,0.0027351379394531,0.029571533203125,0.013807011746812115,0.009549281153346866,0.01019287109375,0.0054588317871093,0.059600830078125,0.0248577951014727,0.0037381891106071535,0.023468017578125,0.0199432373046875,0.037139892578125,26.942528735632184,19.358524546072946,22.0,1,84,13.89655172413793,10.059167382852669,13.0,0,49,37.91954022988506,32.65756737362563,30.0,0,144,4.160919540229885,4.173207910096598,3.0,0,19,3.8275862068965516,0.4368730471686504,4.0,2,4
APTOS2019,test,3,Severe,17,0.027852451100068887,0.018907033448125887,0.02313232421875,0.0116996765136718,0.0864753723144531,0.02959621653837313,0.01888042190504581,0.0243911743164062,0.0128173828125,0.0867385864257812,0.0018456402946920645,0.0012023221664081872,0.0017356872558593,0.0003128051757812,0.0053138732910156,0.0088108287138097,0.007562309821435317,0.0061836242675781,0.0013809204101562,0.0301895141601562,0.014709921444163564,0.02067200761668169,0.0107383728027343,0.0001640319824218,0.0850372314453125,0.004229826085707686,0.007561173632345484,0.0014305114746093,7.62939453125e-06,0.0295677185058593,0.015278086942784907,0.0020770056584498,0.0150070190429687,0.0120925903320312,0.0202178955078125,0.011502883013556953,0.007277849443496412,0.0089797973632812,0.004150390625,0.0323486328125,0.0221723668715533,0.02148687811977407,0.017669677734375,0.00701904296875,0.0941162109375,0.02948267319623162,0.010150359976855134,0.0260467529296875,0.021942138671875,0.062103271484375,56.11764705882353,34.637195240343104,47.0,13,134,28.823529411764707,16.830906445129624,25.0,6,63,66.52941176470588,52.2973680588455,48.0,2,167,7.235294117647059,6.310006059473179,6.0,1,24,4.0,0.0,4.0,4,4
APTOS2019,test,4,Proliferative DR,33,0.021807583895596557,0.033410011720153586,0.0113449096679687,0.0012016296386718,0.1897315979003906,0.023266994591915204,0.034418163387836036,0.0117416381835937,0.0014305114746093,0.1950569152832031,0.0014828768643465546,0.0015886145409912034,0.0009727478027343,0.0001716613769531,0.0062446594238281,0.01221408266009703,0.031865936298312164,0.0038909912109375,2.288818359375e-05,0.1844825744628906,0.006901480934836609,0.011434238899326606,0.0027427673339843,0.0,0.0613212585449218,0.0026685541326349157,0.0032995724359885883,0.0014457702636718,0.0,0.01165771484375,0.014933961810487669,0.0022349430592814644,0.0144271850585937,0.0126724243164062,0.0239715576171875,0.014566999493223216,0.029923348099963026,0.0068283081054687,0.0026874542236328,0.1763916015625,0.013619856400923266,0.012015551052675487,0.0089111328125,0.0055427551269531,0.0703125,0.02667883670691288,0.004523672919093818,0.02587890625,0.020172119140625,0.037994384765625,41.60606060606061,38.403238302533964,25.0,7,150,18.727272727272727,16.384582553563746,13.0,1,77,37.121212121212125,33.45123089640871,29.0,0,134,8.121212121212121,6.323357374437134,7.0,0,27,3.878787878787879,0.33143398263980844,4.0,3,4
APTOS2019,train,0,No DR,1434,0.001364602869690843,0.0020212681452806097,0.0006599426269531,1.1444091796875e-05,0.0247917175292968,0.0015020756209411683,0.002143344805197083,0.0007553100585937,1.1444091796875e-05,0.0262832641601562,0.00018120876083478325,0.0002016102246125329,0.0001220703125,1.1444091796875e-05,0.0016098022460937,0.0005426127541513872,0.0009857919505198223,0.0002288818359375,0.0,0.0167579650878906,0.0002707610402978343,0.0011829610487826337,3.0517578125e-05,0.0,0.0190887451171875,0.000507493065657124,0.0010777434151275766,0.0001125335693359,0.0,0.0197868347167968,0.014477595458303351,0.0018178461187440033,0.0133895874023437,0.0113601684570312,0.018310546875,0.0038384353765383503,0.0011886711416819636,0.0034694671630859,0.0024318695068359,0.0195159912109375,0.0061516515713189905,0.0014961889662276557,0.0057449340820312,0.0043449401855468,0.0281982421875,0.023758785827721843,0.0029714821978215782,0.0224151611328125,0.0191802978515625,0.0421142578125,7.375174337517434,5.6020729518884576,6.0,1,52,3.493723849372385,3.1521593430261703,3.0,0,29,4.083682008368201,10.783731969878637,1.0,0,244,2.905857740585774,3.1479333149866737,2.0,0,58,3.4511854951185494,0.705418656734336,4.0,1,4
APTOS2019,train,1,Mild,300,0.004767214457193973,0.006415752836916909,0.0026855468749999497,1.1444091796875e-05,0.0431900024414062,0.005139757792154912,0.006591869757339954,0.00308990478515625,1.1444091796875e-05,0.0441932678222656,0.0004106903076171528,0.0003361886292071219,0.00031852722167965,1.1444091796875e-05,0.0015716552734375,0.0016294225056965816,0.0032497233738207963,0.0007686614990234,0.0,0.0285110473632812,0.0024639892578124673,0.005206405670843953,0.00071907043457025,0.0,0.0348129272460937,0.0006356557210286249,0.0010160931200949442,0.0001239776611328,0.0,0.0064239501953125,0.013342336018880185,0.0007894487848302422,0.01313400268554685,0.0122299194335937,0.0173797607421875,0.0043988990783691015,0.0030973517294625185,0.00359821319580075,0.002573013305664,0.02923583984375,0.008259557088216114,0.00555184215563345,0.0064144134521484,0.0051536560058593,0.041748046875,0.022099609375,0.0020048136446192823,0.021759033203125,0.0190582275390625,0.032379150390625,11.476666666666667,9.299699111662004,10.0,1,71,5.8933333333333335,4.672765563946856,5.0,0,28,15.223333333333333,18.49776599244514,8.0,0,138,2.5566666666666666,3.3262092209441465,2.0,0,36,3.6666666666666665,0.5506659594392707,4.0,1,4
APTOS2019,train,2,Moderate,808,0.014677434864610692,0.013397301535317235,0.0109901428222656,0.0003547668457031,0.0975265502929687,0.015691766644468363,0.01386737076192492,0.0118160247802734,0.0004501342773437,0.0981178283691406,0.001045005156262054,0.0009169307639350502,0.000833511352539,1.1444091796875e-05,0.0072669982910156,0.004112498594982752,0.00530143506064499,0.0027980804443359,0.0,0.0519027709960937,0.008865550012871735,0.011802545305708453,0.0043067932128906,0.0,0.0941696166992187,0.0016687128803517279,0.0023051743494187874,0.0008506774902343501,0.0,0.0196952819824218,0.014075184812640175,0.0011940395698392477,0.0139503479003906,0.010223388671875,0.0218963623046875,0.006931871470838455,0.00507804487348728,0.0055904388427734,0.0021286010742187,0.053314208984375,0.015476146546920908,0.012572486803087438,0.0108680725097656,0.0047721862792968,0.1043701171875,0.024974048727809794,0.004180434299340081,0.02386474609375,0.01806640625,0.052520751953125,27.92079207920792,21.612933008400603,23.0,1,163,14.047029702970297,10.529018900062695,11.0,0,69,43.67450495049505,40.44218715170282,33.0,0,235,5.252475247524752,6.624884095640866,3.0,0,68,3.868811881188119,0.3414635375367166,4.0,2,4
APTOS2019,train,3,Severe,154,0.028741539298713946,0.018787010734554757,0.02430725097656245,0.0015716552734375,0.0951919555664062,0.031001103388798662,0.019747690806511363,0.02684974670410155,0.0020027160644531,0.0982017517089843,0.0022798265729631314,0.0017815817785139278,0.0019454956054687,7.2479248046875e-05,0.010711669921875,0.011067278973467905,0.010015626678633083,0.008537292480468701,0.0,0.0564498901367187,0.014343558967887544,0.016978334102683294,0.00790786743164055,0.0,0.0829925537109375,0.0033104388744799756,0.004111639413449117,0.0020408630371093,0.0,0.0337142944335937,0.015121212253322832,0.001529279278190833,0.0147781372070312,0.0122909545898437,0.02020263671875,0.013613911418171651,0.00934821862343282,0.01144027709960935,0.0029716491699218,0.055938720703125,0.02186178232168221,0.01824759354198598,0.01593780517578125,0.0056877136230468,0.0963134765625,0.028742307192319398,0.007189192163977038,0.027008056640625,0.0186614990234375,0.0687255859375,63.467532467532465,43.61135080872506,59.0,4,275,31.292207792207794,21.21256420287551,29.0,0,145,74.24025974025975,64.64635371231782,57.0,0,262,10.285714285714286,14.1678612117894,6.0,0,111,3.9285714285714284,0.28254545257906594,4.0,2,4
APTOS2019,train,4,Proliferative DR,234,0.02047067625909785,0.019421097564943708,0.01325798034667965,0.0002174377441406,0.1159133911132812,0.022200152405306785,0.020579251380993754,0.0149192810058593,0.0002899169921875,0.121673583984375,0.0017768827259030747,0.0015383095683911727,0.00131607055664055,1.1444091796875e-05,0.0088768005371093,0.010683255317883578,0.01593099411365513,0.0049667358398437,0.0,0.1144561767578125,0.006887093568459502,0.009673551432577298,0.0028114318847656,0.0,0.0553970336914062,0.002852920793060533,0.004912641508479622,0.0012359619140624501,0.0,0.0296707153320312,0.01487089629866117,0.0016641464458962516,0.01462936401367185,0.011566162109375,0.021942138671875,0.013179029154981276,0.0150871599380298,0.00799560546874995,0.0027351379394531,0.11077880859375,0.013615241417518006,0.010498172141161055,0.00942230224609375,0.0052642822265625,0.065185546875,0.027011577899639424,0.007286449836904518,0.02477264404296875,0.018768310546875,0.059844970703125,47.11965811965812,37.96184268857086,35.0,1,209,21.49145299145299,15.190702332832858,18.0,0,82,39.85470085470085,37.94863593363315,29.0,0,201,8.324786324786325,9.584347987682664,5.0,0,77,3.8974358974358974,0.30403905849760415,4.0,3,4
APTOS2019,valid,0,No DR,172,0.0016495682472406137,0.0036007120710696157,0.0005950927734375,1.1444091796875e-05,0.0360336303710937,0.0017998717552007279,0.0037627353614793006,0.0006771087646484,1.1444091796875e-05,0.0372962951660156,0.00019570284111553344,0.00026231528367375034,0.0001163482666015,1.1444091796875e-05,0.00177001953125,0.0007765570352243582,0.002833232421339407,0.00021171569824215,0.0,0.0353469848632812,0.0003108312917310031,0.0018033102366998713,2.288818359375e-05,0.0,0.0181999206542968,0.0005167805871297971,0.000982117419856344,8.7738037109375e-05,0.0,0.0046463012695312,0.014599511789721097,0.001841554568425288,0.0134925842285156,0.0122528076171875,0.0180816650390625,0.00410831806271571,0.0028078769301121474,0.0034999847412109,0.0026378631591796,0.03741455078125,0.006201810615007231,0.0021071356611308133,0.0057277679443359,0.0052375793457031,0.0268707275390625,0.023899167083030522,0.0029080506453556688,0.02243804931640625,0.019927978515625,0.0321044921875,7.4186046511627906,6.968542711019277,5.0,1,47,3.4709302325581395,3.655369079342762,2.0,0,21,3.302325581395349,8.801341959669427,1.0,0,83,2.761627906976744,2.358543936025787,2.0,0,12,3.3488372093023258,0.7534317877049853,3.0,1,4
APTOS2019,valid,1,Mild,40,0.004765033721923787,0.004005800836894165,0.0035591125488281,0.0002098083496093,0.0169868469238281,0.00522537231445308,0.00433919916393336,0.00390434265136715,0.0002822875976562,0.0193595886230468,0.0005041122436523094,0.00048295081812452375,0.00031471252441405003,1.9073486328125e-05,0.0025177001953125,0.0018389701843261343,0.0028957990062890037,0.0008239746093749499,0.0,0.0161514282226562,0.002215957641601537,0.002909955440141837,0.00082206726074215,0.0,0.0109329223632812,0.0006663322448730219,0.0009537159397138436,0.0002651214599609,0.0,0.0042610168457031,0.01329174041748044,0.0007761893130536686,0.01298141479492185,0.0126571655273437,0.0155105590820312,0.004538488388061485,0.0028412338294390637,0.0035028457641601,0.0026435852050781,0.0184326171875,0.008038520812988243,0.003209578110336251,0.00660705566406245,0.0051307678222656,0.017181396484375,0.02235107421875,0.0026598171301070632,0.021697998046875,0.019256591796875,0.034637451171875,14.95,13.585342780421053,9.0,2,70,7.575,7.51711721885799,5.0,0,36,16.95,18.32043835552145,10.0,0,75,2.725,3.096627611467443,2.0,0,13,3.7,0.5638694156883471,4.0,2,4
APTOS2019,valid,2,Moderate,104,0.01436677345862752,0.012475182819887697,0.0103931427001953,0.0002937316894531,0.0876846313476562,0.01548840449406547,0.013079331783594396,0.01166915893554685,0.0003700256347656,0.0887603759765625,0.0011237217829777272,0.0010743716768875857,0.0008335113525390499,3.0517578125e-05,0.0068550109863281,0.004648502056415229,0.005329436926683128,0.0028762817382811997,0.0,0.032257080078125,0.007950856135441676,0.010529554677047477,0.0041046142578125,0.0,0.0781097412109375,0.0017653245192307417,0.002719466931489392,0.0010261535644531,0.0,0.0172653198242187,0.014209747314453104,0.0012304445103553303,0.01403427124023435,0.010711669921875,0.017578125,0.007450855695284294,0.005008420842983525,0.005681991577148399,0.0021209716796875,0.0333251953125,0.01455655464759238,0.011193725671766217,0.0106964111328125,0.0048408508300781,0.0887451171875,0.025053024291992188,0.004464986744281945,0.023773193359375,0.0190887451171875,0.047576904296875,29.75,23.376924145923734,23.5,3,133,15.14423076923077,12.246987558453228,12.5,0,61,42.48076923076923,36.859476200975855,34.0,0,207,5.5,6.509142189170164,3.0,0,41,3.8461538461538463,0.3625484438800155,4.0,3,4
APTOS2019,valid,3,Severe,22,0.032633694735440304,0.028274727886106892,0.02547836303710935,0.0020637512207031,0.1246376037597656,0.034270026467063175,0.028356615703128543,0.02685356140136715,0.0023841857910156,0.1255531311035156,0.0017148798162286635,0.0012693829978636276,0.00143241882324215,0.00018310546875,0.0049934387207031,0.007891048084605782,0.007632759774306748,0.00513839721679685,0.0001602172851562,0.0287590026855468,0.021670948375355072,0.0293819029711108,0.0109767913818359,0.0001258850097656,0.1163864135742187,0.002993150190873543,0.003176820820297048,0.00213050842285155,0.0,0.0115165710449218,0.014520471746271286,0.0014858591438520533,0.0143280029296875,0.0120468139648437,0.01763916015625,0.010443427345969427,0.007164860212245429,0.00784492492675775,0.0030155181884765,0.0301971435546875,0.029035741632634927,0.030195875765342283,0.01842498779296875,0.0061416625976562,0.125244140625,0.02806646173650568,0.004906936600462725,0.0277252197265625,0.0208587646484375,0.041961669921875,47.31818181818182,35.366632597671796,39.0,6,138,22.272727272727273,16.954229190555598,17.0,3,72,65.5909090909091,47.95499784362229,58.5,5,161,8.136363636363637,8.531708110926164,5.5,0,37,3.909090909090909,0.29424494316825,4.0,3,4
APTOS2019,valid,4,Proliferative DR,28,0.0196022306169782,0.017400523553037513,0.0133247375488281,0.0025291442871093,0.0631599426269531,0.02100808279854908,0.018314825509239515,0.0144729614257812,0.0027008056640625,0.0689125061035156,0.0013550349644251892,0.001232594111518686,0.0009956359863280998,0.0001487731933593,0.00555419921875,0.00850650242396759,0.01350431727030466,0.0036849975585936997,0.0002479553222656,0.0575027465820312,0.007468632289341486,0.011392607686820884,0.0031986236572265,0.0002021789550781,0.0543556213378906,0.003677913120814701,0.005432869383519316,0.001861572265625,0.0,0.0260086059570312,0.014738900320870513,0.001319689586978683,0.0144882202148437,0.012664794921875,0.018218994140625,0.011096818106515036,0.012932364456862503,0.00653457641601555,0.0028743743896484,0.058013916015625,0.014323370797293511,0.012418778541818392,0.00986480712890625,0.0059471130371093,0.0650634765625,0.02857698713030134,0.008126917845148603,0.026763916015625,0.0204315185546875,0.06005859375,36.535714285714285,24.30436958557825,31.5,6,97,16.285714285714285,11.54975434357049,14.5,3,48,41.607142857142854,38.719637362200565,29.0,2,183,9.964285714285714,10.436695031215732,6.5,0,38,3.9642857142857144,0.18898223650461363,4.0,3,4
IDRiD,test,0,No DR,34,0.0005874633789062286,0.0011490398700075425,0.00033187866210935,1.1444091796875e-05,0.0067634582519531,0.0006690305822035639,0.001178768582514354,0.00041389465332030003,1.1444091796875e-05,0.0069427490234375,0.00010153826545264485,7.446296823760254e-05,9.34600830078125e-05,1.1444091796875e-05,0.0002670288085937,0.00040705063763784335,0.0011325544029660954,0.00022125244140625,0.0,0.0067176818847656,6.0249777401188974e-05,0.00014503081557926586,0.0,0.0,0.0007553100585937,0.00010019190171185295,0.000279061045633775,0.0,0.0,0.0013275146484375,0.014329349293428283,0.0002122186395523216,0.0142974853515625,0.0139846801757812,0.0151443481445312,0.003424363977768806,0.0011030710048941907,0.0032272338867186997,0.0029563903808593,0.009521484375,0.00577758340274582,0.00020007348806979865,0.00573539733886715,0.0054244995117187,0.0065879821777343,0.021979388068704045,0.0005459433518730755,0.021759033203125,0.0214080810546875,0.023681640625,3.1470588235294117,2.119639090794189,3.0,1,9,1.6176470588235294,1.8259859251731598,1.0,0,10,0.8823529411764706,1.5128681546902678,0.0,0,7,0.3235294117647059,0.6840427168698413,0.0,0,3,2.4411764705882355,0.8235612420637521,2.0,1,4
IDRiD,test,1,Mild,5,0.0005630493164062,0.0002199264782513457,0.0005455017089843,0.0003242492675781,0.0008773803710937,0.00073089599609372,0.00031124984377475573,0.0006980895996093,0.0004310607910156,0.001220703125,0.0002090454101562,0.0001242678254430273,0.000152587890625,0.0001258850097656,0.0004234313964843,0.00046081542968746004,0.00023671725743991566,0.0004806518554687,0.0001449584960937,0.0007972717285156,6.1035156249990005e-05,8.056149323249375e-05,7.62939453125e-06,0.0,0.0001602172851562,0.0,0.0,0.0,0.0,0.0,0.014334106445312461,0.00010821913590390014,0.0143051147460937,0.01422119140625,0.0144882202148437,0.0034465789794921597,0.0002381399433827729,0.0034809112548828,0.0031471252441406,0.0037899017333984,0.005825805664062459,0.0001897289453415514,0.0056953430175781,0.0056838989257812,0.006072998046875,0.0217803955078125,0.00011946764606361932,0.0217437744140625,0.0216827392578125,0.0219879150390625,6.2,2.8635642126552705,6.0,2,10,3.4,2.3021728866442674,3.0,1,7,1.8,2.16794833886788,1.0,0,5,0.0,0.0,0.0,0,0,2.6,0.5477225575051662,3.0,2,3
IDRiD,test,2,Moderate,32,0.011277914047241183,0.014555274643749406,0.00567626953124995,1.1444091796875e-05,0.0576210021972656,0.012036681175231899,0.01535726459175953,0.00592422485351555,1.1444091796875e-05,0.0595245361328125,0.0007429122924804367,0.0012095002663258718,0.0003604888916015,1.1444091796875e-05,0.0052375793457031,0.0024296045303344414,0.0049356676569898925,0.00069999694824215,0.0,0.0216255187988281,0.007317662239074672,0.012140421262562432,0.0025367736816406,0.0,0.0548210144042968,0.0015465021133422672,0.003066236368776792,0.0001506805419921625,0.0,0.0145187377929687,0.01468753814697263,0.000788747450715317,0.01450729370117185,0.0140762329101562,0.01751708984375,0.005342006683349566,0.004688449495354007,0.0037307739257811997,0.0029869079589843,0.0235595703125,0.013718724250793434,0.012554015498171082,0.00890350341796875,0.0056610107421875,0.061737060546875,0.024435997009277344,0.0037531697330242834,0.0231781005859375,0.0216217041015625,0.038970947265625,16.84375,25.024000576221017,8.5,1,115,6.65625,5.856396420347419,5.5,0,22,25.25,25.584773697675935,17.0,0,86,2.25,3.3601075251612356,1.0,0,14,3.34375,0.9019468191174737,4.0,1,4
IDRiD,test,3,Severe,19,0.014885551051089586,0.011073231871937355,0.0120162963867187,0.0001182556152343,0.0355148315429687,0.016692312140213782,0.012364175436722606,0.0126762390136718,0.0001182556152343,0.041290283203125,0.0018756264134456894,0.0016124181062316097,0.0016059875488281,2.288818359375e-05,0.0060501098632812,0.007725765830592073,0.008591382918252967,0.0035018920898437,1.1444091796875e-05,0.0310020446777343,0.005540345844469538,0.007342100303821265,0.0020599365234375,0.0,0.020843505859375,0.0015505740517063789,0.0014043091653329165,0.0017623901367187,0.0,0.0042343139648437,0.015348735608552612,0.0009937677404524678,0.0151596069335937,0.0142135620117187,0.0179443359375,0.010341744673879485,0.008113443033609925,0.0063972473144531,0.0030269622802734,0.032257080078125,0.012180328369140594,0.007955868778509996,0.0089263916015625,0.0057792663574218,0.0281829833984375,0.024700767115542765,0.0018492856300391719,0.0244903564453125,0.021728515625,0.027679443359375,45.68421052631579,40.966182030736505,37.0,2,159,21.31578947368421,16.77316849276098,22.0,1,66,29.473684210526315,28.36345148455947,18.0,0,80,3.4210526315789473,2.268523491262402,4.0,0,7,3.736842105263158,0.452413928358864,4.0,3,4
IDRiD,test,4,Proliferative DR,13,0.02385154137244588,0.028319919355627086,0.0091400146484375,0.0009613037109375,0.0830497741699218,0.025878025935246355,0.03005564204633258,0.0101852416992187,0.0010299682617187,0.0892105102539062,0.002114516038161006,0.0023745105935988873,0.0015678405761718,8.7738037109375e-05,0.0093421936035156,0.020026867206280004,0.027268376112585063,0.0060958862304687,0.0003852844238281,0.0817451477050781,0.0027049137995793023,0.006280374444548818,0.0007095336914062,2.288818359375e-05,0.0230598449707031,0.0010317288912259385,0.0011343018145845598,0.0008163452148437,0.0,0.0037422180175781,0.016216571514423062,0.0023147567404191247,0.0151748657226562,0.0143280029296875,0.0219268798828125,0.0220665564903846,0.026006114858437263,0.0088272094726562,0.0033721923828125,0.081298828125,0.008929619422325692,0.0067935004659981915,0.0066299438476562,0.0058784484863281,0.0308990478515625,0.023844792292668268,0.0014966632678797824,0.02386474609375,0.02197265625,0.0269622802734375,58.46153846153846,67.87318491694073,41.0,6,262,23.53846153846154,22.303271003059113,16.0,4,82,14.23076923076923,21.518030602860502,5.0,1,78,2.4615384615384617,1.8536173919925967,2.0,0,5,3.769230769230769,0.43852900965351455,4.0,3,4
IDRiD,train,0,No DR,134,0.0016586531454057616,0.00694003290358192,0.0001850128173828,1.1444091796875e-05,0.071807861328125,0.0017868155863747417,0.007095096646664304,0.00026130676269530003,1.1444091796875e-05,0.0721321105957031,0.00013527941347946587,0.00029575042577214964,5.53131103515625e-05,1.1444091796875e-05,0.0021591186523437,0.0009471551695866241,0.006323153849858297,5.340576171875e-05,0.0,0.071441650390625,0.00046200538749124626,0.0016682258725203925,3.24249267578125e-05,0.0,0.0127906799316406,0.00024237561581739122,0.0009219208879034344,0.0,0.0,0.0077743530273437,0.014460777168843263,0.0005822180764011155,0.0143165588378906,0.0140380859375,0.0184783935546875,0.00399841479401086,0.006080730888925352,0.0030937194824218,0.0029373168945312,0.0712890625,0.006387852910739239,0.002228243424838886,0.005767822265625,0.0055732727050781,0.0221405029296875,0.022448639371501867,0.002045983396564308,0.0218353271484375,0.0214080810546875,0.0377197265625,4.529850746268656,8.234979763598643,2.0,1,64,2.1791044776119404,5.185072191213938,1.0,0,41,6.567164179104478,17.631758667307295,1.0,0,111,1.0895522388059702,3.7163784752006617,0.0,0,25,2.514925373134328,0.9635076475410874,2.0,1,4
IDRiD,train,1,Mild,20,0.000430488586425755,0.00044140492963158705,0.00026130676269530003,1.1444091796875e-05,0.0015220642089843,0.000526809692382775,0.0005333284548740514,0.0003128051757812,1.1444091796875e-05,0.0018081665039062,0.00011615753173826501,0.00010619649715253149,9.72747802734375e-05,1.1444091796875e-05,0.0003242492675781,0.00026969909667966,0.00038255256757588015,0.0001163482666015,0.0,0.0010910034179687,8.354187011718e-05,0.0001308162800667479,1.71661376953125e-05,0.0,0.0004425048828125,5.74111938476525e-05,0.0001858516807179774,0.0,0.0,0.0008049011230468,0.01424064636230466,8.091153746012092e-05,0.01426315307617185,0.0141220092773437,0.0143890380859375,0.0032369613647460597,0.00036419866695535595,0.0030736923217773,0.0029525756835937,0.0040130615234375,0.00583648681640621,0.00017489899253732727,0.00580215454101555,0.0056304931640625,0.0062065124511718,0.02192230224609375,0.00038782863051775747,0.02179718017578125,0.02154541015625,0.0231781005859375,3.55,2.139232523470435,3.0,1,9,1.85,1.5312533566021214,2.0,0,5,1.45,1.820208200931103,1.0,0,6,0.25,0.7163503994113789,0.0,0,3,2.55,0.7591546545162482,2.5,1,4
IDRiD,train,2,Moderate,136,0.008508345660041319,0.011129438523374752,0.004465103149414,7.2479248046875e-05,0.067169189453125,0.009079400230856464,0.011445502881054124,0.0047760009765625,7.2479248046875e-05,0.0683670043945312,0.00059240004595585,0.0005285916060924787,0.00041389465332025,1.1444091796875e-05,0.0024490356445312,0.002142401302562004,0.002513554691616857,0.0013179779052734,0.0,0.0159034729003906,0.005386717179242269,0.010306803235639516,0.0014381408691405998,0.0,0.0647125244140625,0.0009578817030962584,0.001864092861512414,7.62939453125e-06,0.0,0.0093421936035156,0.014592170715332003,0.00047483285768014377,0.0144119262695312,0.0140609741210937,0.016815185546875,0.005057012333589402,0.002390036123880646,0.00428962707519525,0.0029468536376953,0.0176544189453125,0.011755410362692415,0.010952756623656731,0.0075111389160156,0.0056495666503906,0.07415771484375,0.023614883422851562,0.0025981986600393863,0.02265167236328125,0.021514892578125,0.03558349609375,14.647058823529411,12.48378468951992,10.0,1,56,7.632352941176471,6.019485425933707,6.0,0,28,25.96323529411765,32.09416886883446,13.0,0,173,1.7647058823529411,2.847312687866168,1.0,0,19,3.4044117647058822,0.6131724000286239,3.0,2,4
IDRiD,train,3,Severe,74,0.020384968938054228,0.016542885160872208,0.01436996459960935,0.0020065307617187,0.0784225463867187,0.022537025245460272,0.01773655176381006,0.01651000976562495,0.0023880004882812,0.0830841064453125,0.002249434187605535,0.0018023604019967024,0.00188827514648435,0.0002174377441406,0.0093345642089843,0.009679124162003758,0.010183416174466931,0.005735397338867149,0.0004920959472656,0.0543251037597656,0.008644361753721458,0.012724637738754038,0.0020980834960936997,0.0,0.0572586059570312,0.0019641051421294096,0.003195408949196556,0.0006599426269531,0.0,0.0175895690917968,0.015553345551361892,0.0012816404948396128,0.0150604248046875,0.0142364501953125,0.020538330078125,0.012217908292203311,0.00966144119124298,0.0084381103515625,0.0034828186035156,0.054718017578125,0.01561432915764883,0.013542229212054014,0.0090866088867187,0.0057487487792968,0.0662841796875,0.025356808224239864,0.00390533971490169,0.0242462158203125,0.0217742919921875,0.0443115234375,51.13513513513514,40.831536403250624,37.0,4,185,23.37837837837838,13.755898065226273,21.0,3,66,41.013513513513516,38.97118473360683,25.0,0,135,3.5675675675675675,4.678956332173424,2.0,0,28,3.810810810810811,0.3943323011333738,4.0,3,4
IDRiD,train,4,Proliferative DR,49,0.026458350979551935,0.03158688300388029,0.0191841125488281,0.0014686584472656,0.1813621520996093,0.02913214235889665,0.03343586736424478,0.0209274291992187,0.0018157958984375,0.1902732849121093,0.0027125611597177573,0.0024113040875936103,0.0021591186523437,0.0002593994140625,0.0143203735351562,0.01650160186144767,0.026590240402272175,0.0084075927734375,0.0006256103515625,0.1586380004882812,0.007938852115553225,0.0128040859157571,0.0032997131347656,0.0,0.0690193176269531,0.0019791272221779043,0.0021902691075863525,0.0012283325195312,0.0,0.0082168579101562,0.01617758614676338,0.0021735083644595114,0.0157470703125,0.0141448974609375,0.0259857177734375,0.01872825622558592,0.025502801720563798,0.0110092163085937,0.0036983489990234,0.1558837890625,0.01488852987484053,0.013605107578976384,0.0103378295898437,0.0057945251464843,0.07794189453125,0.025787976323341837,0.0032747836805745215,0.02496337890625,0.0216827392578125,0.036407470703125,67.95918367346938,57.297818160785106,55.0,6,337,29.428571428571427,20.591260281973998,26.0,4,107,39.57142857142857,39.707262140150966,27.0,0,159,5.040816326530612,5.480872739481785,4.0,0,25,3.795918367346939,0.49914893555325296,4.0,2,4
